{
  "version": 1,
  "author": "Maksim Ushakov",
  "editor": "wokwi",
  "parts": [
    {
      "type": "wokwi-pi-pico",
      "id": "pico",
      "top": -18.5,
      "left": -145.95,
      "rotate": 90,
      "attrs": { "env": "micropython-20231005-v1.21.0" }
    },
    { "type": "wokwi-lcd1602", "id": "lcd1", "top": -178.97, "left": -252.8, "attrs": {} },
    {
      "type": "wokwi-resistor",
      "id": "r1",
      "top": 43.2,
      "left": -19.75,
      "rotate": 90,
      "attrs": { "value": "1000" }
    }
  ],
  "connections": [
    [ "r1:1", "lcd1:A", "red", [ "v-28.8", "h-95.9" ] ],
    [ "pico:GND.4", "lcd1:VDD", "black", [ "v-19.2", "h-38.5" ] ],
    [ "pico:VSYS", "r1:2", "red", [ "v20.4", "h38.4", "v-163.2" ] ],
    [ "lcd1:VSS", "pico:VSYS", "red", [ "v182.4", "h201.6" ] ],
    [ "lcd1:RW", "pico:GND.4", "black", [ "v67.2", "h9.5" ] ],
    [ "pico:GP6", "lcd1:D7", "green", [ "v0" ] ],
    [ "lcd1:D6", "pico:GP7", "green", [ "v0" ] ],
    [ "lcd1:D5", "pico:GP8", "green", [ "v0" ] ],
    [ "lcd1:D4", "pico:GP9", "green", [ "v0" ] ],
    [ "pico:GP10", "lcd1:D3", "green", [ "v-19.2", "h9.7" ] ],
    [ "pico:GP11", "lcd1:D2", "green", [ "v-19.2", "h9.8" ] ],
    [ "pico:GP12", "lcd1:D1", "green", [ "v-19.2", "h9.9" ] ],
    [ "pico:GP13", "lcd1:D0", "green", [ "v-19.2", "h9.5" ] ],
    [ "pico:GP14", "lcd1:E", "green", [ "v-28.8", "h19.2" ] ],
    [ "pico:GP15", "lcd1:RS", "green", [ "v-28.8", "h9.3" ] ],
    [ "pico:GND.1", "lcd1:K", "black", [ "v-28.8", "h-38.4" ] ]
  ],
  "dependencies": {}
}